time,latitude,longitude,depth,mag,magType,nst,gap,dmin,rms,net,id,updated,place,type,horizontalError,depthError,magError,magNst,status,locationSource,magSource
2018-04-20T19:30:35.810Z,-30.0126,-176.1576,10,5,mb,,115,1.721,1.06,us,us1000dpih,2018-04-20T19:51:09.040Z,"187km ESE of Raoul Island, New Zealand",earthquake,9,1.9,0.113,25,reviewed,us,us
2018-04-20T19:28:49.260Z,36.9335,-97.6121,9.48,3.9,mb_lg,,52,0.133,0.45,us,us1000dpi1,2018-04-20T19:52:13.932Z,"10km S of Caldwell, Kansas",earthquake,0.9,4.4,0.04,160,reviewed,us,us
2018-04-20T15:46:41.140Z,-23.5027,-179.2784,541.66,4.6,mb,,130,5.845,0.73,us,us1000dpdh,2018-04-20T16:01:21.040Z,"South of the Fiji Islands",earthquake,14.4,12.9,0.104,28,reviewed,us,us
2018-04-20T12:33:02.590Z,33.6966667,-116.7235,18.42,2.91,ml,136,18,0.01642,0.19,ci,ci37918679,2018-04-20T19:45:55.247Z,"5km S of Idyllwild, CA",earthquake,0.11,0.17,0.171,176,reviewed,ci,ci
2018-04-20T12:05:17.820Z,36.935833,-121.4313354,6.31,2.46,md,46,58,0.0521,0.1,nc,nc73001786,2018-04-20T15:12:49.784Z,"10km NNW of Hollister, CA",earthquake,0.18,0.57,0.11,43,automatic,nc,nc
2018-04-20T11:40:04.040Z,37.1348,71.8189,144.13,4.4,mb,,48,0.993,0.69,us,us1000dp7c,2018-04-20T12:35:43.040Z,"13km S of Roshtqal'a, Tajikistan",earthquake,6.9,6.2,0.042,163,reviewed,us,us
2018-04-20T10:45:50.780Z,42.6423,144.6238,56.98,4.5,mb,,100,1.255,0.68,us,us1000dp6q,2018-04-20T13:33:09.040Z,"42km SSE of Kushiro, Japan",earthquake,6.6,7.1,0.047,136,reviewed,us,us
2018-04-20T10:10:09.229Z,58.1201,-155.4396,6.2,2.5,ml,,,,0.85,ak,ak19245765,2018-04-20T10:27:33.551Z,"95km SE of King Salmon, Alaska",earthquake,,0.2,,,automatic,ak,ak
2018-04-20T09:46:02.880Z,18.2023,-67.4393,11,2.6,md,6,228,0.1865,0.34,pr,pr2018110001,2018-04-20T11:49:23.909Z,"24km WSW of Stella, Puerto Rico",earthquake,1.51,1.91,0.21,4,reviewed,pr,pr
2018-04-20T08:50:33.920Z,-16.2546,-174.8699,280.91,4.4,mb,,67,3.789,0.68,us,us1000dp46,2018-04-20T09:09:08.040Z,"124km WSW of Hihifo, Tonga",earthquake,11,8,0.07,58,reviewed,us,us
2018-04-20T08:49:31.295Z,57.6146,-155.432,13.3,2.5,ml,,,,0.5,ak,ak19245599,2018-04-20T08:56:49.650Z,"87km W of Larsen Bay, Alaska",earthquake,,0.2,,,automatic,ak,ak
2018-04-20T08:29:27.660Z,57.6122,-155.4425,12.7,2.7,ml,,,,0.58,ak,ak19245591,2018-04-20T09:03:38.040Z,"87km W of Larsen Bay, Alaska",earthquake,,0.2,,,automatic,ak,ak
2018-04-20T08:28:01.320Z,25.1879,95.4714,145.04,4.3,mb,,55,1.429,0.91,us,us1000dp3g,2018-04-20T08:49:50.040Z,"111km ESE of Phek, India",earthquake,9,8,0.093,33,reviewed,us,us
2018-04-20T08:05:06.791Z,57.5775,-155.5644,8.2,3.1,ml,,,,0.83,ak,ak19245580,2018-04-20T08:18:01.784Z,"95km W of Larsen Bay, Alaska",earthquake,,0.2,,,automatic,ak,ak
2018-04-20T07:47:08.567Z,57.6377,-155.4958,5,3.7,ml,,,,0.75,ak,ak19245420,2018-04-20T08:07:32.241Z,"99km W of Larsen Bay, Alaska",earthquake,,0,,,reviewed,ak,ak
2018-04-20T07:24:49.318Z,55.7577,-155.7038,44.9,2.9,ml,,,,0.79,ak,ak19245415,2018-04-20T08:05:46.040Z,"9km SW of Chirikof Island, Alaska",earthquake,,1,,,automatic,ak,ak
2018-04-20T05:19:39.320Z,18.9138336,-155.3478394,7.28,2.82,ml,37,251,0.2572,0.37,hv,hv70086201,2018-04-20T05:32:19.040Z,"35km SSE of Pahala, Hawaii",earthquake,1.59,1.24,3.77,20,automatic,hv,hv
2018-04-20T05:12:34.150Z,36.1066666,-120.1731644,10,2.97,md,58,72,0.06872,0.11,nc,nc73001686,2018-04-20T15:11:54.714Z,"12km NNW of Avenal, CA",earthquake,0.38,0.44,0.11,50,automatic,nc,nc
2018-04-20T04:16:05.670Z,18.3809,96.1551,29.98,4.8,mb,,57,1.948,0.91,us,us1000dp14,2018-04-20T04:27:22.040Z,"31km WSW of Pyu, Burma",earthquake,6.4,3.8,0.096,33,reviewed,us,us
2018-04-20T02:54:48.570Z,38.0143,-98.0005,5,2.5,mb_lg,,94,0.692,0.4,us,us1000dp02,2018-04-20T18:02:19.249Z,"5km WSW of South Hutchinson, Kansas",earthquake,1.2,2,0.084,37,reviewed,us,us
2018-04-20T00:01:35.720Z,42.1131,-83.0462,7.78,3.6,mwr,,44,0.491,0.68,us,us1000dny9,2018-04-20T19:51:06.394Z,"0km SE of Amherstburg, Canada",earthquake,2.2,9.1,0.06,27,reviewed,us,us
2018-04-19T23:59:55.440Z,-22.7155,-174.5154,10,5.3,mb,,40,5.613,1.58,us,us1000dnyd,2018-04-20T00:22:17.040Z,"159km SSE of `Ohonua, Tonga",earthquake,6.1,1.7,0.038,225,reviewed,us,us
2018-04-19T23:51:46.510Z,36.1218338,-120.1801682,7.87,2.94,md,64,51,0.08334,0.18,nc,nc73001591,2018-04-20T03:52:02.871Z,"11km SW of Huron, CA",earthquake,0.32,0.56,0.16,56,automatic,nc,nc
2018-04-19T23:18:28.550Z,39.019165,-122.5735016,3.32,2.77,ml,24,90,0.1107,0.12,nc,nc73001571,2018-04-20T03:37:02.169Z,"8km NE of Clearlake, CA",earthquake,0.28,1.31,0.247,7,automatic,nc,nc
2018-04-19T23:17:37.430Z,39.0256653,-122.5891647,-0.49,2.54,md,15,108,0.1078,0.16,nc,nc73001576,2018-04-20T07:20:18.998Z,"7km E of Clearlake Oaks, CA",earthquake,0.48,5.09,0.31,10,automatic,nc,nc
2018-04-19T23:16:37.050Z,46.9161,-112.542,9.32,2.9,ml,,137,0.181,1.26,us,us1000dnxm,2018-04-20T14:12:55.290Z,"11km ESE of Lincoln, Montana",earthquake,6.6,8.9,0.053,46,reviewed,us,us
2018-04-19T22:52:38.480Z,31.2548,80.4892,31.26,4,mb,,163,6.409,1.32,us,us1000dnx9,2018-04-19T23:19:32.040Z,"56km SSE of Garyarsa, China",earthquake,11.8,9.5,0.134,15,reviewed,us,us
2018-04-19T21:09:17.000Z,-42.7797,42.1877,10,6,mww,,20,15.638,0.83,us,us1000dnuj,2018-04-20T17:56:29.759Z,"Prince Edward Islands region",earthquake,9.6,1.7,0.042,54,reviewed,us,us
2018-04-19T19:43:59.470Z,-17.1575,-178.7053,498.06,4.2,mb,,73,3.149,1.32,us,us1000dnsk,2018-04-19T23:38:20.040Z,"219km ESE of Lambasa, Fiji",earthquake,16.3,7.9,0.056,89,reviewed,us,us
2018-04-19T19:27:15.900Z,63.7235,-152.6353,12,3.1,ml,,,,1,ak,ak19244541,2018-04-19T19:35:19.051Z,"163km S of Tanana, Alaska",earthquake,,0.4,,,automatic,ak,ak
2018-04-19T18:59:07.651Z,57.5284,-152.3278,19.9,2.5,ml,,,,0.86,ak,ak19244533,2018-04-19T19:27:35.073Z,"29km S of Kodiak, Alaska",earthquake,,0.2,,,automatic,ak,ak
2018-04-19T17:08:33.597Z,62.587,-151.155,84.1,2.8,ml,,,,0.51,ak,ak19244124,2018-04-19T17:21:13.875Z,"61km WNW of Talkeetna, Alaska",earthquake,,0.5,,,automatic,ak,ak
2018-04-19T16:52:18.380Z,-32.7421,-71.1221,55.25,4.2,mwr,,84,0.233,0.53,us,us1000dnuk,2018-04-20T18:27:18.397Z,"9km ENE of Hacienda La Calera, Chile",earthquake,3.5,5,0.089,12,reviewed,us,us
2018-04-19T14:37:07.220Z,53.189,-163.3627,51.89,4.5,mb,,173,2.631,1,us,us1000dnn4,2018-04-19T18:40:22.721Z,"185km S of False Pass, Alaska",earthquake,7.3,16.6,0.101,29,reviewed,us,us
2018-04-19T13:34:39.050Z,2.1875,96.2517,38.76,4.8,mb,,149,1.587,0.75,us,us1000dnl9,2018-04-19T15:20:10.040Z,"35km SSW of Sinabang, Indonesia",earthquake,7.9,4.8,0.09,38,reviewed,us,us
2018-04-19T13:16:55.030Z,38.9979,144.2015,45.34,4.5,mb,,140,2.906,0.92,us,us1000dnl3,2018-04-19T15:13:11.040Z,"201km ESE of Yamada, Japan",earthquake,8.6,7.7,0.066,68,reviewed,us,us
2018-04-19T13:15:02.280Z,41.3569,-100.176,5,3.3,mb_lg,,60,1.381,0.92,us,us1000dnku,2018-04-20T04:26:05.765Z,"31km ESE of Stapleton, Nebraska",earthquake,2.9,1.8,0.044,134,reviewed,us,us
2018-04-19T12:28:50.580Z,-27.2162,-64.5371,10,3.7,ml,,121,4.114,0.64,us,us1000dnu0,2018-04-19T21:04:22.467Z,"44km NE of Termas de Rio Hondo, Argentina",earthquake,3.4,2,0.105,12,reviewed,us,us
2018-04-19T11:38:27.050Z,40.2176,142.3858,49.16,4.9,mb,,138,1.158,0.62,us,us1000dnk9,2018-04-20T15:11:19.276Z,"74km NNE of Miyako, Japan",earthquake,6.4,4.6,0.041,186,reviewed,us,us
2018-04-19T10:32:43.850Z,36.0334,-97.9092,5,2.8,mb_lg,,41,0.101,0.19,us,us1000dnjq,2018-04-20T10:28:19.474Z,"8km S of Hennessey, Oklahoma",earthquake,0.9,2,0.062,90,reviewed,us,us
2018-04-19T10:06:22.260Z,17.3018,-95.1249,112.05,4.8,mb,,134,3.036,1,us,us1000dnja,2018-04-19T10:29:11.170Z,"17km NNW of Palomares, Mexico",earthquake,7.4,7.1,0.027,425,reviewed,us,us
2018-04-19T09:04:03.578Z,52.5054,-169.3412,25.1,2.6,ml,,,,0.38,ak,ak19243471,2018-04-19T18:04:24.202Z,"57km SSW of Nikolski, Alaska",earthquake,,0.5,,,reviewed,ak,ak
2018-04-19T08:16:18.640Z,-15.7372,-177.3663,414.27,4.3,mb,,108,4.821,1.06,us,us1000dni9,2018-04-19T08:43:24.040Z,"180km SSE of Sigave, Wallis and Futuna",earthquake,15.3,9,0.094,32,reviewed,us,us
2018-04-19T07:48:24.110Z,18.3406,-68.3693,108,3.23,md,6,144,1.3033,0.47,pr,pr2018109001,2018-04-19T12:42:11.379Z,"25km E of Boca de Yuma, Dominican Republic",earthquake,4.21,2.8,0.14,6,reviewed,pr,pr
2018-04-19T07:20:05.340Z,36.031,-97.905,4.08,3.2,mb_lg,,23,0.102,0.18,us,us1000dnhf,2018-04-20T03:04:00.660Z,"8km S of Hennessey, Oklahoma",earthquake,1.2,3.8,0.046,125,reviewed,us,us
2018-04-19T07:04:35.280Z,50.9977,-178.3673,35,4.1,mb,,206,1.516,0.89,us,us1000dnh4,2018-04-19T17:37:58.319Z,"59km ESE of Amatignak Island, Alaska",earthquake,13.4,2,0.069,58,reviewed,us,us
2018-04-19T06:36:34.690Z,36.4368,-98.7875,5,3.8,mb_lg,,110,0.055,0.22,us,us1000dngm,2018-04-19T18:55:54.720Z,"33km NW of Fairview, Oklahoma",earthquake,1.3,1.6,0.045,129,reviewed,us,us
2018-04-19T06:34:47.080Z,28.3587,51.6184,10,5.5,mww,,43,5.328,0.93,us,us1000dngn,2018-04-19T23:17:40.538Z,"101km SE of Bandar Bushehr, Iran",earthquake,7.3,1.8,0.073,18,reviewed,us,us
2018-04-19T06:16:42.460Z,18.4875,-67.5151,20,2.57,md,5,299,0.1091,0.3,pr,pr2018109000,2018-04-19T08:23:41.426Z,"32km WNW of Rincon, Puerto Rico",earthquake,2.029,2.07,0.22,4,reviewed,pr,pr
2018-04-19T06:02:27.120Z,55.5491,-149.2236,7,3.6,mb,,167,2.814,0.63,us,us1000dngj,2018-04-19T06:33:25.040Z,"Gulf of Alaska",earthquake,9.1,7.6,0.352,2,reviewed,us,us
2018-04-19T05:51:22.847Z,51.6794,-179.2611,82.5,3,ml,,,,0.23,ak,ak19243237,2018-04-19T17:30:36.246Z,"47km NNW of Amatignak Island, Alaska",earthquake,,1.2,,,reviewed,ak,ak
2018-04-19T03:11:41.410Z,-55.496,-28.413,22.64,4.6,mb,,83,4.817,0.55,us,us1000dnfr,2018-04-19T03:25:39.040Z,"153km NNW of Visokoi Island, South Georgia and the South Sandwich Islands",earthquake,13.5,7.6,0.141,15,reviewed,us,us
2018-04-18T22:34:04.796Z,57.6238,-154.624,31.7,2.6,ml,,,,0.54,ak,ak19242817,2018-04-18T22:39:54.513Z,"39km WNW of Larsen Bay, Alaska",earthquake,,5,,,automatic,ak,ak
2018-04-18T21:57:49.400Z,-6.4927,142.8764,10,4.7,mb,,130,6.29,0.97,us,us1000dnd2,2018-04-18T22:19:25.040Z,"92km WSW of Mendi, Papua New Guinea",earthquake,7,1.7,0.093,35,reviewed,us,us
2018-04-18T21:43:08.290Z,15.4903,-94.5271,45.17,4.3,mb,,184,2.431,1.06,us,us1000dncl,2018-04-19T03:18:30.614Z,"83km S of San Francisco del Mar, Mexico",earthquake,5.7,13.1,0.082,42,reviewed,us,us
2018-04-18T18:09:46.210Z,33.2083333,-116.2486667,10.01,2.47,ml,90,28,0.01623,0.18,ci,ci37917471,2018-04-19T13:21:31.434Z,"13km ESE of Borrego Springs, CA",earthquake,0.12,0.3,0.155,99,reviewed,ci,ci
2018-04-18T17:53:43.990Z,18.714,-66.549,38,2.61,md,8,268,0.2377,0.13,pr,pr2018108011,2018-04-18T22:21:57.040Z,"31km N of Barceloneta, Puerto Rico",earthquake,0.76,0.93,0.39,8,reviewed,pr,pr
2018-04-18T17:48:42.854Z,51.051,179.949,5,3,ml,,,,0.5,ak,ak19242591,2018-04-18T22:45:05.467Z,"69km WSW of Amatignak Island, Alaska",earthquake,,0,,,reviewed,ak,ak
2018-04-18T17:24:46.025Z,51.0649,179.9782,4.7,4,ml,,,,0.96,ak,ak19242521,2018-04-18T22:37:13.633Z,"67km WSW of Amatignak Island, Alaska",earthquake,,0.8,,,reviewed,ak,ak
2018-04-18T17:13:53.406Z,51.0552,179.9897,26.2,4.5,ml,,,,0.89,ak,ak19242512,2018-04-18T22:23:30.977Z,"67km WSW of Amatignak Island, Alaska",earthquake,,4.8,,,reviewed,ak,ak
2018-04-18T16:47:12.177Z,63.8526,-149.2722,116,2.5,ml,,,,0.53,ak,ak19242503,2018-04-18T16:55:46.484Z,"15km W of Healy, Alaska",earthquake,,0.4,,,automatic,ak,ak
2018-04-18T16:26:52.680Z,51.0092,-179.8683,3.99,2.8,ml,,236,0.64,0.3,us,us1000dna0,2018-04-18T21:55:44.040Z,"60km WSW of Amatignak Island, Alaska",earthquake,5.1,10.1,,,reviewed,us,ak
2018-04-18T15:29:36.910Z,-32.3044,-65.0045,10,3.9,mb,,68,4.575,0.89,us,us2000e274,2018-04-18T22:13:51.040Z,"4km NNE of Merlo, Argentina",earthquake,6.1,1.9,0.297,3,reviewed,us,us
2018-04-18T13:13:21.829Z,59.9875,-152.7613,93.8,2.6,ml,,,,0.56,ak,ak19242296,2018-04-19T06:35:06.040Z,"55km S of Redoubt Volcano, Alaska",earthquake,,0.4,,,automatic,ak,ak
2018-04-18T13:07:19.970Z,-0.3825,-6.5579,10,5.5,mb,,53,7.208,0.82,us,us2000e23j,2018-04-18T15:09:18.844Z,"South Atlantic Ocean",earthquake,7.9,1.8,0.03,378,reviewed,us,us
2018-04-18T13:06:09.610Z,19.1443,-68.0861,75,3.01,md,13,212,1.1867,0.87,pr,pr2018108008,2018-04-19T07:52:01.040Z,"71km NNE of Punta Cana, Dominican Republic",earthquake,5.81,8.78,0.36,12,reviewed,pr,pr
2018-04-18T12:50:09.190Z,-24.8668,-13.3235,9.55,5,mb,,80,34.557,0.96,us,us2000e23a,2018-04-18T13:08:33.040Z,"Southern Mid-Atlantic Ridge",earthquake,10.2,4.8,0.103,30,reviewed,us,us
2018-04-18T12:46:12.500Z,18.0845,-65.4718,4,2.91,md,4,338,0.3814,0.41,pr,pr2018108009,2018-04-18T17:47:11.217Z,"1km S of Esperanza, Puerto Rico",earthquake,4.98,2.95,0.24,3,reviewed,pr,pr
2018-04-18T12:44:19.100Z,-1.4502,-77.7259,178.55,4.3,mb,,53,1.051,1.13,us,us2000e234,2018-04-18T12:58:11.040Z,"28km E of Puyo, Ecuador",earthquake,8.1,2.8,0.049,120,reviewed,us,us
2018-04-18T12:16:38.581Z,67.137,-143.8768,9.8,2.7,ml,,,,0.83,ak,ak19242239,2018-04-18T12:50:19.040Z,"88km NE of Fort Yukon, Alaska",earthquake,,0.3,,,automatic,ak,ak
2018-04-18T11:59:21.070Z,16.5819,-95.0534,73.36,4.7,mb,,123,2.814,0.65,us,us2000e22h,2018-04-19T13:12:37.419Z,"5km E of San Jeronimo Ixtepec, Mexico",earthquake,8.4,8,0.057,93,reviewed,us,us
2018-04-18T11:51:20.310Z,56.3586,-149.2807,20.01,3.6,ml,,181,2.3,0.38,us,us2000e22f,2018-04-18T12:36:33.040Z,"247km SE of Kodiak, Alaska",earthquake,8.7,10.2,0.051,50,reviewed,us,us
2018-04-18T11:46:14.310Z,39.7378,143.654,12.13,4.7,mb,,114,2.242,0.66,us,us2000e22e,2018-04-19T12:33:45.040Z,"146km E of Miyako, Japan",earthquake,7.3,4.7,0.049,126,reviewed,us,us
2018-04-18T09:55:47.760Z,-6.8877,104.0424,35,4.3,mb,,165,2.733,0.71,us,us2000e23g,2018-04-19T05:17:22.040Z,"166km SSW of Kotaagung, Indonesia",earthquake,5.4,2,0.177,9,reviewed,us,us
2018-04-18T09:25:46.970Z,-6.6445,129.7329,163.49,5.3,mb,,42,2.044,0.86,us,us2000e21u,2018-04-18T15:47:35.040Z,"226km NW of Saumlaki, Indonesia",earthquake,7.1,6.8,0.07,67,reviewed,us,us
2018-04-18T09:02:11.660Z,18.8403,-67.3731,47,2.99,md,11,281,0.4556,0.17,pr,pr2018108005,2018-04-18T10:00:36.040Z,"53km NNW of San Antonio, Puerto Rico",earthquake,1.02,1.8,0.22,10,reviewed,pr,pr
2018-04-18T08:22:56.994Z,59.367,-138.7693,0,2.6,ml,,,,0.79,ak,ak19242130,2018-04-18T08:30:55.466Z,"57km ESE of Yakutat, Alaska",earthquake,,0.2,,,automatic,ak,ak
2018-04-18T07:55:36.280Z,16.7503,95.8211,10,4.2,mb,,115,3.427,0.6,us,us1000dnc3,2018-04-19T05:18:08.923Z,"12km WNW of Twante, Burma",earthquake,9.1,2,0.306,3,reviewed,us,us
2018-04-18T07:06:55.070Z,-3.6455,131.354,8.54,5.3,mb,,40,1.148,0.82,us,us2000e20s,2018-04-18T15:16:28.040Z,"271km NW of Tual, Indonesia",earthquake,6.2,4.8,0.078,56,reviewed,us,us
2018-04-18T06:16:02.290Z,5.1499,-82.5596,10,5.4,mww,,76,3.326,1.29,us,us2000e20d,2018-04-18T21:59:03.040Z,"South of Panama",earthquake,3.3,1.9,0.048,42,reviewed,us,us
2018-04-18T05:32:01.120Z,11.8554,142.1932,42.95,5.4,mb,,32,14.735,0.93,us,us2000e1zx,2018-04-18T15:08:34.040Z,"294km NE of Fais, Micronesia",earthquake,5.7,5.4,0.052,125,reviewed,us,us
2018-04-18T05:19:16.520Z,-6.8369,130.5868,108.96,4.4,mb,,98,1.339,1.09,us,us2000e1zt,2018-04-19T12:13:29.040Z,"147km NNW of Saumlaki, Indonesia",earthquake,8.4,8.6,0.149,13,reviewed,us,us
2018-04-18T04:36:54.930Z,18.9433,-67.3866,39,2.45,md,3,334,0.8244,0.14,pr,pr2018108004,2018-04-18T09:00:12.377Z,"58km NNW of San Antonio, Puerto Rico",earthquake,2.86,10.17,0.34,3,reviewed,pr,pr
2018-04-18T01:36:14.000Z,18.7486,-68.3323,110,3.23,md,4,262,0.2398,0.12,pr,pr2018108001,2018-04-18T05:34:43.772Z,"19km NNE of Punta Cana, Dominican Republic",earthquake,10.94,2.51,0.11,3,reviewed,pr,pr
2018-04-18T01:27:51.380Z,37.8513,72.6589,157.1,4.2,mb,,88,0.854,0.8,us,us2000e1y5,2018-04-18T02:04:31.040Z,"98km NE of Roshtqal'a, Tajikistan",earthquake,6.1,6.3,0.093,32,reviewed,us,us
2018-04-18T01:11:27.550Z,27.5963,56.6511,10,4.3,mb,,141,2.67,0.96,us,us2000e1xy,2018-04-18T01:58:11.040Z,"58km NE of Bandar 'Abbas, Iran",earthquake,9.6,1.9,0.077,48,reviewed,us,us
2018-04-18T01:09:44.450Z,40.3486667,-124.8125,15.88,2.51,md,35,251,0.3842,0.16,nc,nc73000616,2018-04-19T03:03:03.383Z,"45km W of Petrolia, CA",earthquake,0.76,0.66,0.18,31,reviewed,nc,nc
2018-04-18T01:04:22.250Z,18.7631,-64.6948,31,3.37,md,10,338,1.3105,0.28,pr,pr2018108000,2018-04-18T05:35:00.692Z,"39km NNW of Road Town, British Virgin Islands",earthquake,3.1,17.76,0.24,9,reviewed,pr,pr
2018-04-17T23:53:48.750Z,56.3431,113.8849,18.54,4.5,mb,,64,9.681,0.87,us,us2000e1wv,2018-04-18T00:23:54.040Z,"35km NE of Severomuysk, Russia",earthquake,7.7,4.8,0.084,42,reviewed,us,us
2018-04-17T23:43:04.570Z,-55.1417,-28.4435,10,5,mb,,125,4.743,0.7,us,us2000e1x2,2018-04-18T00:27:59.040Z,"190km NNW of Visokoi Island, South Georgia and the South Sandwich Islands",earthquake,13.3,1.9,0.098,33,reviewed,us,us
2018-04-17T23:17:53.990Z,-55.0966,-28.4808,10,4.9,mb,,71,4.716,0.71,us,us2000e1wa,2018-04-18T00:03:41.040Z,"195km NNW of Visokoi Island, South Georgia and the South Sandwich Islands",earthquake,10.5,1.8,0.1,31,reviewed,us,us
2018-04-17T23:05:48.090Z,38.022,-97.9838,5,2.9,mb_lg,,149,0.698,0.44,us,us2000e1vx,2018-04-18T11:51:48.461Z,"3km W of South Hutchinson, Kansas",earthquake,1.9,2,0.061,69,reviewed,us,us
2018-04-17T21:55:40.440Z,53.8099,161.4673,45.18,4.8,mb,,134,1.861,0.75,us,us2000e1u6,2018-04-17T22:42:43.040Z,"205km ENE of Petropavlovsk-Kamchatskiy, Russia",earthquake,8.9,6.5,0.048,132,reviewed,us,us
2018-04-17T21:33:24.330Z,9.3751,-83.742,9.08,3.4,ml,,131,0.064,0.68,us,us2000e1xf,2018-04-18T06:33:26.480Z,"4km W of San Isidro, Costa Rica",earthquake,1.7,3.1,0.064,32,reviewed,us,us
2018-04-17T20:53:45.210Z,55.6329,-149.2983,9.03,4,mb,,188,2.729,0.71,us,us2000e1sw,2018-04-18T21:48:18.040Z,"Gulf of Alaska",earthquake,7.8,7.2,0.365,2,reviewed,us,us
2018-04-17T20:26:52.070Z,17.0798,-61.7251,22.19,4.7,mb,,56,0.643,0.8,us,us2000e1rz,2018-04-20T12:14:18.543Z,"5km ESE of Parham, Antigua and Barbuda",earthquake,4.2,4.8,0.056,97,reviewed,us,us
2018-04-17T20:02:29.220Z,23.4255,120.4546,10,3.5,ml,,124,0.203,0.62,us,us2000e1x5,2018-04-18T20:59:43.768Z,"5km S of Jiayi Shi, Taiwan",earthquake,2.7,1.9,0.091,16,reviewed,us,us
2018-04-17T19:59:37.760Z,-16.2414,-175.9636,341.22,4.7,mb,,55,4.661,1.01,us,us2000e1ri,2018-04-18T19:44:02.040Z,"239km W of Hihifo, Tonga",earthquake,9.8,6.2,0.042,175,reviewed,us,us
2018-04-17T19:51:45.160Z,36.5684,71.3015,122.01,4.1,mb,,73,0.804,1.16,us,us2000e1ra,2018-04-18T19:12:42.040Z,"24km WSW of Ashkasham, Afghanistan",earthquake,5.5,2.8,0.109,23,reviewed,us,us
2018-04-17T19:25:52.421Z,59.5864,-152.9463,92,2.7,ml,,,,0.63,ak,ak19241634,2018-04-18T18:40:55.040Z,"66km WSW of Anchor Point, Alaska",earthquake,,0.4,,,automatic,ak,ak
2018-04-17T17:17:14.400Z,36.6987,-98.4298,7.208,2.8,ml,,80,,0.54,us,us2000e1r3,2018-04-18T17:46:26.040Z,"8km SW of Cherokee, Oklahoma",earthquake,1.1,3.9,,,reviewed,tul,tul
2018-04-17T17:12:30.800Z,36.7003,-98.4336,6.711,2.8,ml,,81,,0.34,us,us2000e1pp,2018-04-18T15:52:09.040Z,"9km SW of Cherokee, Oklahoma",earthquake,1.3,4.3,,,reviewed,tul,tul
2018-04-17T16:41:13.885Z,38.2821,-118.6586,7,2.7,ml,45,45.13,0.125,0.1737,nn,nn00630673,2018-04-18T17:53:03.025Z,"27km S of Hawthorne, Nevada",earthquake,,1.2,0.36,12,reviewed,nn,nn
2018-04-17T14:40:42.150Z,-10.1902,163.1804,26.26,4.9,mb,,115,3.272,0.58,us,us2000e1iq,2018-04-17T16:29:46.040Z,"141km ENE of Kirakira, Solomon Islands",earthquake,10.1,6.2,0.064,76,reviewed,us,us
2018-04-17T14:24:04.130Z,-5.1819,151.2423,141.77,4.5,mb,,84,1.346,0.84,us,us2000e1i7,2018-04-17T16:25:20.040Z,"128km ENE of Kimbe, Papua New Guinea",earthquake,8.6,8,0.052,108,reviewed,us,us
2018-04-17T14:21:32.280Z,38.2117,72.3218,107.66,4.2,mb,,133,0.858,0.76,us,us2000e1ic,2018-04-17T16:22:48.040Z,"77km ESE of Vanj, Tajikistan",earthquake,7.4,6.9,0.235,5,reviewed,us,us
2018-04-17T13:59:12.580Z,18.965,-64.8836,47,3.46,md,10,331,1.2684,0.42,pr,pr2018107004,2018-04-17T15:38:12.040Z,"74km N of Charlotte Amalie, U.S. Virgin Islands",earthquake,5.07,17.56,0.24,6,reviewed,pr,pr
2018-04-17T13:55:07.650Z,-5.3371,102.3645,35.85,4.5,mb,,177,1.135,0.46,us,us2000e1ht,2018-04-17T15:33:12.040Z,"158km WSW of Kuripan, Indonesia",earthquake,9.6,7.2,0.089,37,reviewed,us,us
2018-04-17T13:46:04.580Z,-21.412,-68.8763,103.82,4.9,mww,,39,0.512,0.88,us,us2000e1hq,2018-04-18T09:46:32.390Z,"116km N of Calama, Chile",earthquake,5.9,4.7,0.073,18,reviewed,us,us
2018-04-17T12:38:55.840Z,18.2261,-68.0746,84,2.8,md,5,191,1.0618,0.5,pr,pr2018107005,2018-04-17T17:10:21.255Z,"52km SE of Punta Cana, Dominican Republic",earthquake,6.09,5.15,0.09,3,reviewed,pr,pr
2018-04-17T11:41:22.020Z,46.8988333,-112.5228333,11.37,2.67,ml,17,110,0.175,0.16,mb,mb80290239,2018-04-17T17:04:31.964Z,"13km ESE of Lincoln, Montana",earthquake,0.51,0.76,0.27,5,reviewed,mb,mb
2018-04-17T11:11:14.360Z,46.886,-112.5818,15.84,3.8,mwr,,54,0.217,0.62,us,us2000e1ga,2018-04-20T05:16:07.117Z,"10km SE of Lincoln, Montana",earthquake,4.1,10.4,0.083,14,reviewed,us,us
2018-04-17T10:37:16.767Z,56.3598,-148.2532,12,2.5,ml,,,,0.35,ak,ak19241495,2018-04-17T16:13:26.474Z,"297km ESE of Kodiak, Alaska",earthquake,,7,,,reviewed,ak,ak
2018-04-17T09:34:55.590Z,17.7953,-67.5193,8,2.7,md,17,207,0.4609,0.56,pr,pr2018107003,2018-04-17T14:15:28.255Z,"40km WSW of Pole Ojea, Puerto Rico",earthquake,1.63,1.48,0.31,14,reviewed,pr,pr
2018-04-17T09:21:28.840Z,3.1446,128.0887,63.01,4.5,mb,,158,2.464,0.58,us,us2000e1f4,2018-04-17T11:22:06.040Z,"156km N of Tobelo, Indonesia",earthquake,11,10.4,0.11,24,reviewed,us,us
2018-04-17T08:57:59.390Z,35.7846,-98.5699,7.21,3,mb_lg,,48,0.169,0.42,us,us2000e1ev,2018-04-17T20:27:37.152Z,"15km WSW of Watonga, Oklahoma",earthquake,1.5,1.3,0.058,78,reviewed,us,us
2018-04-17T06:44:01.860Z,-3.5943,131.3635,10,5,mb,,79,1.109,1.05,us,us2000e1e2,2018-04-17T07:00:14.040Z,"273km E of Amahai, Indonesia",earthquake,5,1.9,0.078,52,reviewed,us,us
2018-04-17T06:09:02.580Z,19.3976,-66.1578,40,3.2,md,6,321,1.2083,0.18,pr,pr2018107001,2018-04-17T08:41:50.173Z,"103km N of San Juan, Puerto Rico",earthquake,2.6,16,0.06,3,reviewed,pr,pr
2018-04-17T05:58:00.980Z,-34.0692,-70.4535,107.48,4.4,mb,,51,0.152,0.73,us,us2000e1d8,2018-04-17T23:56:53.980Z,"23km ENE of Machali, Chile",earthquake,6.2,5.4,0.138,15,reviewed,us,us
2018-04-17T04:55:57.750Z,-3.6634,131.3154,10,5.2,mb,,40,1.189,0.88,us,us2000e1c7,2018-04-17T22:08:19.040Z,"269km E of Amahai, Indonesia",earthquake,5.8,1.8,0.056,106,reviewed,us,us
2018-04-17T04:05:11.600Z,-3.5175,131.3316,38.19,4.4,mb,,84,1.091,0.78,us,us2000e1bv,2018-04-17T04:20:39.040Z,"269km E of Amahai, Indonesia",earthquake,7.3,8.4,0.115,22,reviewed,us,us
2018-04-17T02:52:35.540Z,-3.5308,131.2937,10,5.5,mww,,51,1.13,0.82,us,us2000e1b6,2018-04-17T16:24:28.040Z,"265km E of Amahai, Indonesia",earthquake,5.7,1.8,0.065,23,reviewed,us,us
2018-04-17T01:01:21.480Z,19.2223,-67.2396,36,3.13,md,4,337,1.0013,0.29,pr,pr2018107002,2018-04-17T18:53:48.493Z,"82km N of San Antonio, Puerto Rico",earthquake,3.15,17.94,0.01,3,reviewed,pr,pr
2018-04-17T00:04:57.410Z,18.2151,-67.1881,99,2.93,md,12,216,0.1096,0.11,pr,pr2018107000,2018-04-17T09:47:41.711Z,"5km WNW of Mayaguez, Puerto Rico",earthquake,1.04,0.7,0.15,8,reviewed,pr,pr
2018-04-16T23:52:51.150Z,52.4925,-163.6132,25.2,2.8,ml,,,,0.62,ak,ak19244808,2018-04-19T21:28:55.987Z,"232km SE of Akutan, Alaska",earthquake,,7.9,,,reviewed,ak,ak
2018-04-16T23:40:12.785Z,55.9402,-149.9589,11.5,3.3,ml,,,,0.72,ak,ak19241230,2018-04-19T21:28:54.571Z,"254km SE of Kodiak, Alaska",earthquake,,4.5,,,reviewed,ak,ak
2018-04-16T23:31:57.370Z,33.4811667,-116.7751667,6.69,2.68,ml,118,13,0.08977,0.23,ci,ci38149896,2018-04-20T12:48:49.054Z,"9km ENE of Aguanga, CA",earthquake,0.11,0.37,0.153,140,reviewed,ci,ci
2018-04-16T21:48:47.190Z,41.3475,-100.1293,5,3.1,mb_lg,,60,1.38,0.58,us,us2000e17f,2018-04-19T14:17:25.466Z,"35km ESE of Stapleton, Nebraska",earthquake,5.9,2,0.063,66,reviewed,us,us
2018-04-16T21:46:22.100Z,19.7026,-68.6673,90,2.47,md,5,279,2.3029,0.09,pr,pr2018106007,2018-04-17T00:07:19.260Z,"89km NE of Santa Barbara de Samana, Dominican Republic",earthquake,3.66,4.29,0.14,3,reviewed,pr,pr
2018-04-16T21:15:52.170Z,-3.1587,130.6774,39.33,4.3,mb,,73,1.587,0.95,us,us2000e16v,2018-04-16T23:38:01.040Z,"196km E of Amahai, Indonesia",earthquake,8.8,5.1,0.119,20,reviewed,us,us
2018-04-16T19:24:27.500Z,17.9748,-66.9515,7,2.46,md,15,177,0.0723,0.25,pr,pr2018106006,2018-04-18T22:59:14.040Z,"5km SW of Guanica, Puerto Rico",earthquake,1.06,0.87,0.26,7,reviewed,pr,pr
2018-04-16T18:41:02.760Z,19.39,-155.2773333,1.47,2.61,ml,37,42,0.005386,0.09,hv,hv70082481,2018-04-18T22:43:56.040Z,"6km SW of Volcano, Hawaii",earthquake,0.16,0.12,0.208,18,reviewed,hv,hv
2018-04-16T18:09:01.870Z,32.7967,139.1201,195.93,4.9,mb,,102,0.664,0.84,us,us2000e143,2018-04-16T18:54:08.040Z,"71km WSW of Hachijo-jima, Japan",earthquake,8.3,4,0.032,314,reviewed,us,us
2018-04-16T16:51:52.108Z,56.1281,-161.5873,217.4,3,ml,,,,0.64,ak,ak19240731,2018-04-19T21:27:55.194Z,"111km NW of Sand Point, Alaska",earthquake,,1,,,reviewed,ak,ak
2018-04-16T16:39:26.470Z,37.4346667,-121.773,9.31,3.82,mw,216,31,0.02682,0.12,nc,nc73000196,2018-04-20T16:37:51.964Z,"9km NNE of Alum Rock, CA",earthquake,0.07,0.16,,6,reviewed,nc,nc
2018-04-16T16:36:48.880Z,35.0435,-119.0423333,7.73,3.78,mw,69,41,0.1478,0.31,ci,ci38149752,2018-04-17T13:39:23.589Z,"15km NW of Grapevine, CA",earthquake,0.22,0.96,,4,reviewed,ci,ci
2018-04-16T15:50:50.812Z,53.4538,-163.5678,9.8,2.6,ml,,,,0.47,ak,ak19240519,2018-04-19T21:27:50.970Z,"155km S of False Pass, Alaska",earthquake,,2.5,,,reviewed,ak,ak
2018-04-16T15:33:59.647Z,53.4544,-163.5626,13,2.7,ml,,,,0.46,ak,ak19240510,2018-04-19T21:27:49.785Z,"155km S of False Pass, Alaska",earthquake,,2.5,,,reviewed,ak,ak
2018-04-16T15:32:17.720Z,28.0347,52.8774,10,4.4,mb,,81,4.284,0.44,us,us2000e0zz,2018-04-16T16:16:39.040Z,"83km SW of Jahrom, Iran",earthquake,8.6,1.9,0.112,23,reviewed,us,us
2018-04-16T14:54:41.316Z,53.4168,-163.5409,24,3.2,ml,,,,0.46,ak,ak19240486,2018-04-19T21:27:47.201Z,"159km S of False Pass, Alaska",earthquake,,2.8,,,reviewed,ak,ak
2018-04-16T14:51:28.540Z,53.4755,-163.5115,11.8,4.6,mb,,164,1.183,0.65,us,us2000e0z5,2018-04-19T21:27:45.617Z,"153km S of False Pass, Alaska",earthquake,5.7,5.3,0.049,125,reviewed,us,us
2018-04-16T14:46:33.416Z,56.3961,-148.6542,11.7,2.5,ml,,,,0.5,ak,ak19244757,2018-04-19T21:27:44.778Z,"275km ESE of Kodiak, Alaska",earthquake,,6.9,,,reviewed,ak,ak
2018-04-16T14:36:47.180Z,17.782,-66.8375,18,2.5,md,4,271,0.279,0.23,pr,pr2018106004,2018-04-16T16:47:53.411Z,"22km SSE of Guanica, Puerto Rico",earthquake,1.98,1.33,0.06,4,reviewed,pr,pr
2018-04-16T14:12:21.810Z,37.1104,31.914,10,4.3,mb,,85,1.335,0.69,us,us2000e0yh,2018-04-16T14:42:30.040Z,"12km ENE of Akseki, Turkey",earthquake,5.1,1.3,0.122,19,reviewed,us,us
2018-04-16T14:01:29.470Z,55.9132,-149.8165,6.97,3.4,ml,,194,2.326,0.55,us,us2000e0yc,2018-04-19T21:27:37.629Z,"262km SE of Kodiak, Alaska",earthquake,7.5,8,0.052,48,reviewed,us,us
2018-04-16T13:52:07.362Z,52.4847,-169.1543,40.1,2.6,ml,,,,0.3,ak,ak19240043,2018-04-19T21:27:36.393Z,"54km SSW of Nikolski, Alaska",earthquake,,0.7,,,reviewed,ak,ak
2018-04-16T13:48:58.520Z,23.0255,121.4013,14.09,4.6,mb,,90,0.361,1.07,us,us2000e0y6,2018-04-17T13:04:02.291Z,"39km NE of Taitung City, Taiwan",earthquake,6.1,4.9,0.073,56,reviewed,us,us
2018-04-16T13:32:33.540Z,16.1485,95.6759,10,3.4,ml,,247,3.754,0.21,us,us2000e16w,2018-04-16T22:03:26.160Z,"14km S of Pyapon, Burma",earthquake,13.4,2,0.137,8,reviewed,us,us
2018-04-16T12:56:28.960Z,-29.8806,-71.6302,33.17,3.4,ml,,189,0.342,0.81,us,us2000e16u,2018-04-17T09:53:59.033Z,"28km WNW of Coquimbo, Chile",earthquake,3.3,9.9,0.055,44,reviewed,us,us
2018-04-16T12:39:31.020Z,56.2777,-148.7623,10,2.6,ml,,,,0.4,ak,ak19244743,2018-04-19T21:27:34.568Z,"278km SE of Kodiak, Alaska",earthquake,,9.2,,,reviewed,ak,ak
2018-04-16T12:34:24.840Z,56.3586,-148.6389,5.9,3,ml,,,,0.52,ak,ak19239843,2018-04-19T21:27:33.903Z,"278km ESE of Kodiak, Alaska",earthquake,,2,,,reviewed,ak,ak
2018-04-16T12:31:35.050Z,-29.8175,-71.7463,35.47,4.8,mb,,142,0.858,1.36,us,us2000e0wq,2018-04-16T21:38:35.148Z,"41km WNW of Coquimbo, Chile",earthquake,5.2,8.3,0.111,25,reviewed,us,us
2018-04-16T11:57:47.279Z,55.7926,-151.0285,12,2.6,ml,,,,0.79,ak,ak19244736,2018-04-19T21:27:30.195Z,"237km SSE of Kodiak, Alaska",earthquake,,19.4,,,reviewed,ak,ak
2018-04-16T11:55:34.000Z,56.3399,-148.6447,11.9,2.7,ml,,,,0.63,ak,ak19239834,2018-04-19T21:27:29.604Z,"279km ESE of Kodiak, Alaska",earthquake,,9.5,,,reviewed,ak,ak
2018-04-16T08:18:18.820Z,18.7761,-66.0146,34,2.48,md,4,339,0.855,0.06,pr,pr2018106001,2018-04-16T12:26:41.395Z,"35km NNE of San Juan, Puerto Rico",earthquake,1.69,4.64,0.1,3,reviewed,pr,pr
2018-04-16T07:54:59.230Z,30.47,-104.4836,5,2.8,ml,,160,0.736,0.64,us,us2000e0ud,2018-04-16T08:10:31.040Z,"48km WNW of Marfa, Texas",earthquake,1.9,2,0.128,28,reviewed,us,us
2018-04-16T07:24:14.108Z,50.6666,-171.0108,10.2,3.2,ml,,,,0.39,ak,ak19244713,2018-04-19T21:27:17.423Z,"203km S of Amukta Island, Alaska",earthquake,,17,,,reviewed,ak,ak
2018-04-16T06:09:41.330Z,-5.9682,142.5981,10,5.1,mb,,47,6.149,1.08,us,us2000e0tv,2018-04-16T06:29:30.040Z,"86km SW of Porgera, Papua New Guinea",earthquake,8,1.8,0.046,152,reviewed,us,us
2018-04-16T05:57:27.350Z,55.887,-135.4888,1,3.2,ml,,,,0.66,ak,ak19239411,2018-04-19T21:30:02.001Z,"134km S of Sitka, Alaska",earthquake,,1.1,,,reviewed,ak,ak
2018-04-16T05:53:49.920Z,-21.9432,-177.8949,352.6,4.7,mb,,102,5.655,1.47,us,us2000e0ts,2018-04-16T07:16:58.040Z,"165km SSE of Ndoi Island, Fiji",earthquake,10.9,3.6,0.034,262,reviewed,us,us
2018-04-16T04:30:34.810Z,35.7664,44.6164,10,4.5,mb,,84,1.11,0.8,us,us2000e0te,2018-04-18T08:06:10.743Z,"32km NW of Chamchamal, Iraq",earthquake,7,1.9,0.057,91,reviewed,us,us
2018-04-16T04:02:32.880Z,-5.5639,148.7685,143.66,4.2,mb,,106,3.647,0.75,us,us2000e0t6,2018-04-16T04:25:50.040Z,"112km NW of Kandrian, Papua New Guinea",earthquake,11.4,7.6,0.128,17,reviewed,us,us
2018-04-16T03:41:54.592Z,55.9758,-149.9822,10,2.7,ml,,,,0.58,ak,ak19244699,2018-04-19T21:27:09.271Z,"250km SE of Kodiak, Alaska",earthquake,,10.4,,,reviewed,ak,ak
2018-04-16T03:34:12.351Z,56.3014,-149.2131,11.5,2.6,ml,,,,0.48,ak,ak19239035,2018-04-19T21:27:08.669Z,"255km SE of Kodiak, Alaska",earthquake,,5.8,,,reviewed,ak,ak
2018-04-16T03:30:55.060Z,-59.3836,-26.9997,40.56,5.1,mb,,82,15.697,0.78,us,us2000e0t1,2018-04-16T03:49:08.040Z,"47km SW of Bristol Island, South Sandwich Islands",earthquake,13.1,8.3,0.08,51,reviewed,us,us
2018-04-16T03:21:56.140Z,59.8312,-139.077,8.9,3.5,ml,,,,0.62,ak,ak19239022,2018-04-19T21:27:07.778Z,"51km NE of Yakutat, Alaska",earthquake,,0.2,,,reviewed,ak,ak
2018-04-16T03:03:50.480Z,-1.8579,-79.2928,10,3.8,mb,,186,0.556,0.37,us,us2000e0su,2018-04-16T04:09:43.454Z,"7km SE of Montalvo, Ecuador",earthquake,5.4,2,0.228,5,reviewed,us,us
2018-04-16T02:06:45.129Z,69.5407,-144.7527,12.4,2.8,ml,,,,0.47,ak,ak19239011,2018-04-19T21:27:05.882Z,"78km SW of Kaktovik, Alaska",earthquake,,0.4,,,reviewed,ak,ak
2018-04-16T01:40:42.288Z,55.9244,-150.1947,11.2,2.8,ml,,,,0.61,ak,ak19239010,2018-04-19T21:27:05.000Z,"247km SE of Kodiak, Alaska",earthquake,,8.2,,,reviewed,ak,ak
2018-04-16T00:42:07.840Z,18.5476,-68.8673,116,3.72,md,10,113,1.053,0.31,pr,pr2018106000,2018-04-17T01:55:41.040Z,"12km ESE of Guaymate, Dominican Republic",earthquake,1.12,1.09,0.13,9,reviewed,pr,pr
2018-04-16T00:39:36.570Z,56.363,-148.5648,8.9,2.6,ml,,,,0.59,ak,ak19244686,2018-04-19T21:27:00.521Z,"281km ESE of Kodiak, Alaska",earthquake,,8.1,,,reviewed,ak,ak
2018-04-16T00:26:50.175Z,51.2928,-179.5065,13.2,3,ml,,,,0.72,ak,ak19244684,2018-04-19T21:26:59.382Z,"27km W of Amatignak Island, Alaska",earthquake,,1.2,,,reviewed,ak,ak
2018-04-16T00:26:25.930Z,55.8871,-149.3593,7.51,2.9,ml,,224,2.553,0.41,us,us1000dnuv,2018-04-20T05:08:35.040Z,"281km SE of Kodiak, Alaska",earthquake,8.6,8.9,0.065,31,reviewed,us,us
2018-04-16T00:02:09.880Z,38.4558,45.3941,10,3.5,mb,,90,1.764,0.5,us,us2000e0rz,2018-04-17T02:05:53.825Z,"33km W of Marand, Iran",earthquake,5.7,2,0.222,5,reviewed,us,us
2018-04-15T23:59:47.500Z,12.1749,46.4446,10,4.4,mb,,134,3.579,0.95,us,us2000e0rj,2018-04-17T01:43:18.040Z,"151km S of Ahwar, Yemen",earthquake,11.2,2,0.099,29,reviewed,us,us
2018-04-15T23:40:20.640Z,-23.7147,-175.2102,10,5.2,mb,,43,6.022,0.85,us,us2000e0rd,2018-04-17T01:42:05.040Z,"265km S of `Ohonua, Tonga",earthquake,8.6,1.7,0.037,233,reviewed,us,us
2018-04-15T23:39:02.900Z,41.3643,-100.1228,5,2.6,mb_lg,,61,1.363,0.53,us,us2000e0rt,2018-04-17T07:58:05.399Z,"35km ESE of Stapleton, Nebraska",earthquake,5,2,0.106,23,reviewed,us,us
2018-04-15T23:31:02.530Z,59.2838,-146.5465,0.6,2.6,ml,,,,0.49,ak,ak19238800,2018-04-19T00:47:57.214Z,"18km SW of Middleton Island, Alaska",earthquake,,0.1,,,reviewed,ak,ak
2018-04-15T23:12:57.110Z,-20.1812,177.4807,10,5.2,mb,,59,2.483,1,us,us2000e0r3,2018-04-17T01:31:52.621Z,"247km SSW of Suva, Fiji",earthquake,9.7,1.9,0.041,195,reviewed,us,us
2018-04-15T23:12:15.202Z,56.0871,-149.537,4.7,2.8,ml,,,,0.57,ak,ak19238797,2018-04-19T00:47:55.493Z,"257km SE of Kodiak, Alaska",earthquake,,2.7,,,reviewed,ak,ak
2018-04-15T23:00:57.661Z,56.2175,-149.2407,11.9,2.5,ml,,,,0.59,ak,ak19242958,2018-04-19T00:47:54.957Z,"260km SE of Kodiak, Alaska",earthquake,,9.7,,,reviewed,ak,ak
2018-04-15T22:54:26.896Z,64.1108,-149.2612,14.6,2.9,ml,,,,0.7,ak,ak19238786,2018-04-19T00:54:50.469Z,"31km NNW of Healy, Alaska",earthquake,,0.1,,,reviewed,ak,ak
2018-04-15T22:52:01.801Z,56.2658,-149.2328,11.4,3.9,ml,,,,0.8,ak,ak19238602,2018-04-19T00:47:53.264Z,"256km SE of Kodiak, Alaska",earthquake,,2.5,,,reviewed,ak,ak
2018-04-15T22:40:02.930Z,-6.3931,130.0091,173.16,4.7,mb,,41,2.032,1.13,us,us2000e0q5,2018-04-15T22:54:08.040Z,"224km NW of Saumlaki, Indonesia",earthquake,6.7,6.6,0.086,41,reviewed,us,us
2018-04-15T22:26:21.523Z,55.8159,-149.2729,6.1,2.8,ml,,,,0.52,ak,ak19242953,2018-04-19T00:47:51.402Z,"291km SE of Kodiak, Alaska",earthquake,,4.3,,,reviewed,ak,ak
2018-04-15T21:15:14.660Z,-16.2743,-172.8435,136,4.7,mb,,134,3.936,0.53,us,us2000e0p8,2018-04-15T21:41:56.040Z,"103km ESE of Hihifo, Tonga",earthquake,13,9.3,0.04,188,reviewed,us,us
2018-04-15T21:01:00.900Z,18.7955,-67.1841,19,2.82,md,6,323,0.336,0.23,pr,pr2018105003,2018-04-16T00:24:20.484Z,"34km NNW of San Antonio, Puerto Rico",earthquake,2.12,1.46,0.22,4,reviewed,pr,pr
2018-04-15T20:41:19.160Z,56.3801,-148.5103,8.7,2.8,ml,,,,0.47,ak,ak19238410,2018-04-19T00:47:46.679Z,"283km ESE of Kodiak, Alaska",earthquake,,3.9,,,reviewed,ak,ak
2018-04-15T19:51:49.740Z,33.187,140.457,128.45,4.3,mb,,133,0.544,0.82,us,us2000e0n1,2018-04-16T17:14:34.040Z,"62km E of Hachijo-jima, Japan",earthquake,8.3,5.9,0.132,16,reviewed,us,us
2018-04-15T19:43:56.180Z,17.8842,122.2737,40.7,5.2,mb,,111,5.034,1.14,us,us2000e0ms,2018-04-18T00:44:59.953Z,"38km E of Awallan, Philippines",earthquake,8.8,7.4,0.065,77,reviewed,us,us
2018-04-15T19:30:43.150Z,1.3714,126.8715,36.48,5.9,mww,,29,0.774,1.04,us,us2000e0mq,2018-04-16T22:28:40.561Z,"85km NW of Kota Ternate, Indonesia",earthquake,6.1,5.8,0.073,18,reviewed,us,us
2018-04-15T17:39:01.878Z,53.4988,-164.6174,25.6,3.4,ml,,,,0.55,ak,ak19238193,2018-04-19T00:47:40.633Z,"103km SE of Akutan, Alaska",earthquake,,2.1,,,reviewed,ak,ak
2018-04-15T17:01:07.890Z,19.3891667,-155.2461667,1.44,2.67,ml,50,44,0.006067,0.12,hv,hv70081416,2018-04-16T22:11:23.238Z,"5km SSW of Volcano, Hawaii",earthquake,0.18,0.17,0.147,17,reviewed,hv,hv
2018-04-15T15:31:40.872Z,53.9814,-163.3852,19.7,2.5,ml,,,,0.31,ak,ak19242922,2018-04-19T00:47:32.886Z,"96km S of False Pass, Alaska",earthquake,,1.7,,,reviewed,ak,ak
2018-04-15T15:09:44.560Z,39.3711,143.033,31.78,4.3,mb,,164,2.07,0.56,us,us2000e0l9,2018-04-16T14:09:55.040Z,"93km E of Yamada, Japan",earthquake,8,8.2,0.142,14,reviewed,us,us
2018-04-15T14:29:29.075Z,56.3702,-149.0142,2.9,2.7,ml,,,,0.62,ak,ak19242916,2018-04-19T00:47:29.339Z,"259km SE of Kodiak, Alaska",earthquake,,2.7,,,reviewed,ak,ak
2018-04-15T14:27:50.190Z,16.1711,95.7135,10,3.4,ml,,225,3.732,0.8,us,us2000e0p0,2018-04-16T14:07:11.040Z,"12km SSE of Pyapon, Burma",earthquake,11.7,2,0.128,8,reviewed,us,us
2018-04-15T14:20:20.270Z,56.3143,-148.9615,10,4.3,mb,,159,2.466,0.88,us,us2000e0kw,2018-04-19T00:47:28.141Z,"265km SE of Kodiak, Alaska",earthquake,3.8,2,0.217,6,reviewed,us,us
2018-04-15T13:59:43.685Z,56.4175,-148.6613,1.6,2.9,ml,,,,0.47,ak,ak19237629,2018-04-19T00:46:45.667Z,"273km ESE of Kodiak, Alaska",earthquake,,2.4,,,reviewed,ak,ak
2018-04-15T13:33:52.147Z,61.6723,-150.7074,6,2.9,ml,,,,0.56,ak,ak19237610,2018-04-19T00:58:57.934Z,"36km WSW of Willow, Alaska",earthquake,,0.1,,,reviewed,ak,ak
2018-04-15T13:16:02.800Z,-28.9725,-70.2059,111.33,4.5,mb,,50,0.148,0.84,us,us2000e0kh,2018-04-16T13:47:40.040Z,"69km SE of Vallenar, Chile",earthquake,6.4,5.5,0.113,23,reviewed,us,us
2018-04-15T12:51:22.980Z,-20.3155,-177.9673,543.22,4.4,mb,,102,4.55,0.99,us,us2000e0kb,2018-04-15T13:08:34.040Z,"84km ENE of Ndoi Island, Fiji",earthquake,16,11.6,0.095,32,reviewed,us,us
2018-04-15T12:40:55.471Z,55.5388,-149.1116,6.6,3.2,ml,,,,0.67,ak,ak19237446,2018-04-19T00:46:39.414Z,"Gulf of Alaska",earthquake,,2.7,,,reviewed,ak,ak
2018-04-15T11:51:56.573Z,56.3407,-148.674,11.8,2.5,ml,,,,0.53,ak,ak19242899,2018-04-19T00:46:37.698Z,"278km SE of Kodiak, Alaska",earthquake,,7.8,,,reviewed,ak,ak
2018-04-15T11:42:51.050Z,56.3929,-148.7811,12,2.5,ml,,,,0.42,ak,ak19242898,2018-04-19T00:46:37.152Z,"269km SE of Kodiak, Alaska",earthquake,,6.9,,,reviewed,ak,ak
2018-04-15T11:35:15.016Z,56.3873,-148.6889,12,2.5,ml,,,,0.59,ak,ak19242897,2018-04-19T00:46:36.581Z,"274km ESE of Kodiak, Alaska",earthquake,,7.1,,,reviewed,ak,ak
2018-04-15T11:27:15.880Z,-18.9935,169.2343,203.07,4.6,mb,,82,2.582,0.56,us,us2000e0jv,2018-04-15T11:46:46.040Z,"61km N of Isangel, Vanuatu",earthquake,9.7,5.2,0.088,38,reviewed,us,us
2018-04-15T11:25:26.739Z,56.4598,-148.6516,11.3,2.5,ml,,,,0.74,ak,ak19242894,2018-04-19T00:46:34.921Z,"271km ESE of Kodiak, Alaska",earthquake,,5,,,reviewed,ak,ak
2018-04-15T10:23:18.390Z,56.3893,-148.4846,19.23,4.2,mb,,163,2.637,1.08,us,us2000e0jm,2018-04-19T00:46:30.915Z,"284km ESE of Kodiak, Alaska",earthquake,7.9,7.5,0.304,3,reviewed,us,us
2018-04-15T09:39:49.577Z,56.5518,-148.6182,11.8,2.6,ml,,,,0.37,ak,ak19242884,2018-04-19T00:46:28.556Z,"267km ESE of Kodiak, Alaska",earthquake,,6.3,,,reviewed,ak,ak
2018-04-15T09:37:36.360Z,56.6021,-148.6954,20.13,2.7,ml,,214,2.424,0.52,us,us1000dneu,2018-04-20T07:30:46.040Z,"260km ESE of Kodiak, Alaska",earthquake,6.1,10.9,0.053,46,reviewed,us,us
2018-04-15T08:56:53.250Z,56.1614,-149.2717,8.1,2.6,ml,,,,0.73,ak,ak19236954,2018-04-19T00:46:25.792Z,"263km SE of Kodiak, Alaska",earthquake,,9.5,,,reviewed,ak,ak
2018-04-15T08:49:36.240Z,-23.1575,-66.858,251.64,4.4,mb,,67,1.233,0.35,us,us2000e0jb,2018-04-15T09:17:39.040Z,"119km W of El Aguilar, Argentina",earthquake,8.7,13.9,0.536,1,reviewed,us,us
2018-04-15T08:09:15.800Z,56.0977,-149.269,20.82,3.6,ml,,154,2.48,0.72,us,us2000e0j7,2018-04-19T00:46:21.805Z,"268km SE of Kodiak, Alaska",earthquake,8.2,9.1,0.049,54,reviewed,us,us
2018-04-15T07:59:28.580Z,58.4224,-31.9411,10,4.5,mb,,44,7.696,0.74,us,us2000e0j6,2018-04-15T08:22:31.040Z,"Reykjanes Ridge",earthquake,3,1.9,0.048,128,reviewed,us,us
2018-04-15T07:54:46.470Z,18.3241,-68.4893,110,3.16,md,10,149,1.0119,0.26,pr,pr2018105002,2018-04-15T15:00:25.040Z,"59km S of Boca de Yuma, Dominican Republic",earthquake,1.9,1.57,0.38,10,reviewed,pr,pr
2018-04-15T07:35:33.520Z,-16.8866,-72.0626,95.39,4,mb,,153,2.384,0.72,us,us2000e0ix,2018-04-15T15:23:17.773Z,"15km NNW of Mollendo, Peru",earthquake,9.2,10.1,0.116,20,reviewed,us,us
2018-04-15T06:51:52.958Z,56.1226,-149.3005,11.9,2.5,ml,,,,0.43,ak,ak19242867,2018-04-19T00:46:18.041Z,"264km SE of Kodiak, Alaska",earthquake,,10.3,,,reviewed,ak,ak
2018-04-15T06:46:49.175Z,56.02,-149.5983,11.3,2.8,ml,,,,0.66,ak,ak19236766,2018-04-19T00:46:17.361Z,"260km SE of Kodiak, Alaska",earthquake,,6.3,,,reviewed,ak,ak
2018-04-15T05:56:50.637Z,56.1497,-150.0696,0.4,2.5,ml,,,,0.47,ak,ak19242859,2018-04-19T00:46:13.021Z,"231km SE of Kodiak, Alaska",earthquake,,8.9,,,reviewed,ak,ak
2018-04-15T05:54:48.380Z,17.3154,-101.1362,35,3.9,mb,,182,2.32,0.89,us,us2000e0ig,2018-04-15T07:37:18.726Z,"26km SSE of Petatlan, Mexico",earthquake,6.3,2,0.095,29,reviewed,us,us
2018-04-15T05:51:47.430Z,-59.4176,-25.9213,35,4.8,mb,,81,7.742,0.84,us,us2000e0if,2018-04-15T06:25:30.040Z,"54km SE of Bristol Island, South Sandwich Islands",earthquake,10,2,0.089,39,reviewed,us,us
2018-04-15T05:00:35.410Z,36.2976,-97.538,5,2.5,ml,,34,0.208,0.18,us,us2000e0ib,2018-04-16T14:14:07.076Z,"22km W of Perry, Oklahoma",earthquake,0.6,1.7,0.046,63,reviewed,us,us
2018-04-15T04:35:24.930Z,18.801,-64.3525,39,3.38,md,8,342,1.635,0.46,pr,pr2018105001,2018-04-17T20:51:15.796Z,"60km NNE of Road Town, British Virgin Islands",earthquake,7.39,29.16,0.33,7,reviewed,pr,pr
2018-04-15T04:35:11.204Z,56.1272,-149.8092,6.3,2.6,ml,,,,0.45,ak,ak19242849,2018-04-19T00:46:07.448Z,"243km SE of Kodiak, Alaska",earthquake,,7.6,,,reviewed,ak,ak
2018-04-15T03:45:41.250Z,44.9455,-122.7558333,18.38,3.08,ml,36,41,0.1508,0.23,uw,uw61363027,2018-04-20T18:47:35.328Z,"6km SW of Silverton, Oregon",earthquake,0.33,1.1,0.172,24,reviewed,uw,uw
2018-04-15T02:41:28.910Z,6.7456,-72.9178,150.11,4.4,mb,,82,2.348,0.71,us,us2000e0h2,2018-04-16T05:27:26.040Z,"10km SW of San Andres, Colombia",earthquake,9.5,10.2,0.154,12,reviewed,us,us
2018-04-15T02:37:59.260Z,-7.1337,124.6372,528.86,4.6,mb,,26,2.63,1.04,us,us2000e0gr,2018-04-17T01:22:05.040Z,"188km NNW of Dili, East Timor",earthquake,7,6.1,0.061,80,reviewed,us,us
2018-04-15T02:13:30.990Z,15.9391,-94.8687,41.69,4.4,mb,,141,2.648,0.75,us,us2000e0gi,2018-04-17T01:18:27.372Z,"32km SSE of San Mateo del Mar, Mexico",earthquake,8.4,7.2,0.048,124,reviewed,us,us
2018-04-15T00:46:58.590Z,18.5996,-67.197,22,2.7,md,9,288,0.1575,0.15,pr,pr2018105000,2018-04-15T04:11:45.218Z,"15km NW of San Antonio, Puerto Rico",earthquake,0.98,1.02,0.13,6,reviewed,pr,pr
2018-04-15T00:27:35.217Z,56.1552,-149.3111,9.3,2.6,ml,,,,0.53,ak,ak19242827,2018-04-19T00:45:53.897Z,"261km SE of Kodiak, Alaska",earthquake,,16.2,,,reviewed,ak,ak
2018-04-15T00:10:45.790Z,23.4268,143.0684,23.38,5.1,mb,,38,3.739,0.79,us,us2000e0g5,2018-04-15T05:35:21.040Z,"231km SE of Iwo Jima, Japan",earthquake,9.6,4.1,0.03,354,reviewed,us,us
2018-04-14T22:27:32.320Z,16.2053,95.7461,10,4.1,mb,,142,3.786,0.58,us,us2000e0fp,2018-04-18T21:08:56.392Z,"10km SE of Pyapon, Burma",earthquake,4.3,1.9,0.139,14,reviewed,us,us
2018-04-14T22:23:07.435Z,54.0088,-163.3195,25.6,2.8,ml,,,,0.61,ak,ak19235986,2018-04-19T17:17:55.216Z,"93km S of False Pass, Alaska",earthquake,,7.7,,,reviewed,ak,ak
2018-04-14T21:37:46.000Z,40.5233,-29.2392,10,4.7,mb,,56,1.956,0.88,us,us2000e0fd,2018-04-15T05:18:31.040Z,"195km NNW of Lagoa, Portugal",earthquake,8.4,1.9,0.051,116,reviewed,us,us
2018-04-14T20:27:43.760Z,52.3878,-169.5092,29.4,2.6,ml,,,,0.18,ak,ak19244242,2018-04-19T17:17:51.637Z,"75km SW of Nikolski, Alaska",earthquake,,1.8,,,reviewed,ak,ak
2018-04-14T19:29:18.960Z,56.396,-148.5898,1.4,2.8,ml,,,,0.45,ak,ak19244236,2018-04-19T17:17:48.457Z,"278km ESE of Kodiak, Alaska",earthquake,,2.8,,,reviewed,ak,ak
2018-04-14T19:26:27.000Z,-7.9646,-74.5413,157.34,4.6,mb,,99,1.834,1.49,us,us2000e0e3,2018-04-20T01:03:29.495Z,"45km N of Pucallpa, Peru",earthquake,6.9,7.3,0.066,68,reviewed,us,us
2018-04-14T19:14:02.480Z,56.322,-148.5629,11.7,2.8,ml,,,,0.52,ak,ak19244235,2018-04-19T17:17:47.899Z,"284km ESE of Kodiak, Alaska",earthquake,,4.5,,,reviewed,ak,ak
2018-04-14T18:53:58.841Z,41.8938,-119.6299,0,2.8,ml,8,77.64,0.635,0.2398,nn,nn00630412,2018-04-17T15:33:08.040Z,"67km ESE of Lakeview, Oregon",earthquake,,0,0.19,4,reviewed,nn,nn
2018-04-14T18:38:14.560Z,19.2977,-108.119,39.77,4.6,mb,,185,4.685,0.91,us,us2000e0d1,2018-04-18T15:05:41.591Z,"Revilla Gigedo Islands region",earthquake,10.4,7.5,0.04,186,reviewed,us,us
2018-04-14T18:34:12.570Z,40.6982,-29.1871,10,5.1,mww,,25,2.103,0.74,us,us2000e0d0,2018-04-17T14:12:15.040Z,"209km NNW of Lagoa, Portugal",earthquake,8.2,1.8,0.073,18,reviewed,us,us
2018-04-14T18:22:46.780Z,18.2295,-68.06,109,3.27,md,6,191,0.9756,0.28,pr,pr2018104004,2018-04-17T14:04:09.040Z,"53km SE of Punta Cana, Dominican Republic",earthquake,4.54,2.46,0.04,3,reviewed,pr,pr
2018-04-14T18:07:32.120Z,44.5137,148.1668,59.23,4.3,mb,,164,4.019,0.9,us,us2000e0cl,2018-04-17T13:56:09.040Z,"83km SSE of Kuril'sk, Russia",earthquake,9.9,7.8,0.067,64,reviewed,us,us
2018-04-14T18:02:23.450Z,-6.2818,105.2033,57.26,4.8,mww,,83,3.394,0.88,us,us2000e0ce,2018-04-17T13:44:44.040Z,"62km WNW of Babakanbungur, Indonesia",earthquake,7.5,6.3,0.075,17,reviewed,us,us
2018-04-14T17:15:29.540Z,46.7996,-112.5574,12.21,2.5,ml,,96,0.25,0.78,us,us2000e0ku,2018-04-17T13:42:29.349Z,"19km SSE of Lincoln, Montana",earthquake,4.9,6.7,0.064,32,reviewed,us,us
2018-04-14T17:13:34.330Z,40.2547,-29.4315,10,4.6,mb,,130,1.785,0.83,us,us2000e0bl,2018-04-14T17:46:08.040Z,"169km ENE of Santa Cruz das Flores, Portugal",earthquake,10.7,1.9,0.069,63,reviewed,us,us
2018-04-14T16:53:11.580Z,40.4473,-29.3788,10,5.3,mww,,48,1.933,1.19,us,us2000e0b2,2018-04-16T03:33:42.163Z,"185km NE of Santa Cruz das Flores, Portugal",earthquake,9.6,1.9,0.073,18,reviewed,us,us
2018-04-14T16:32:56.761Z,56.3297,-149.3814,5.1,2.7,ml,,,,0.72,ak,ak19244224,2018-04-19T17:17:41.688Z,"245km SE of Kodiak, Alaska",earthquake,,1.8,,,reviewed,ak,ak
2018-04-14T15:28:39.789Z,56.0723,-149.2669,10,2.6,ml,,,,0.45,ak,ak19244218,2018-04-19T17:16:57.942Z,"270km SE of Kodiak, Alaska",earthquake,,0,,,reviewed,ak,ak
2018-04-14T15:20:06.000Z,9.0321,-98.7035,10,4.5,mb,,202,8.48,1.01,us,us2000e095,2018-04-14T20:56:26.040Z,"Off the coast of Mexico",earthquake,6.6,2,0.092,35,reviewed,us,us
2018-04-14T14:47:50.600Z,-4.9516,102.0608,53.94,4.6,mb,,188,3.327,0.86,us,us2000e08q,2018-04-15T05:50:05.272Z,"129km S of Bengkulu, Indonesia",earthquake,10.4,9.6,0.098,31,reviewed,us,us
2018-04-14T12:46:41.130Z,37.264,71.9112,94.19,4.4,mb,,66,0.332,1.31,us,us2000e080,2018-04-20T07:27:44.040Z,"7km E of Roshtqal'a, Tajikistan",earthquake,7,8.4,0.123,19,reviewed,us,us
2018-04-14T12:40:54.020Z,56.2841,-149.2762,19.91,2.9,ml,,209,2.35,0.3,us,us1000dnqm,2018-04-20T07:24:32.040Z,"253km SE of Kodiak, Alaska",earthquake,8.7,8.2,0.057,40,reviewed,us,us
2018-04-14T12:10:57.970Z,56.4571,-148.7442,20.59,2.7,ml,,202,2.479,0.7,us,us1000dnql,2018-04-20T07:21:37.040Z,"266km ESE of Kodiak, Alaska",earthquake,7.6,10,0.051,50,reviewed,us,us
2018-04-14T11:23:17.670Z,-2.6123,138.3636,44.98,4,mb,,132,6.115,0.58,us,us1000dnmd,2018-04-20T07:17:55.040Z,"246km W of Abepura, Indonesia",earthquake,11.7,9.1,0.139,14,reviewed,us,us
2018-04-14T11:10:19.610Z,56.2759,-149.4252,19.95,2.7,ml,,225,2.294,0.31,us,us1000dnqj,2018-04-20T07:07:02.040Z,"247km SE of Kodiak, Alaska",earthquake,5.5,9.8,0.069,28,reviewed,us,us
2018-04-14T10:58:59.543Z,56.4521,-149.223,2.7,2.8,ml,,,,0.53,ak,ak19234995,2018-04-19T17:16:46.374Z,"243km SE of Kodiak, Alaska",earthquake,,2.3,,,reviewed,ak,ak
2018-04-14T10:57:31.467Z,56.4508,-148.8317,4.8,2.7,ml,,,,0.54,ak,ak19244195,2018-04-19T17:16:45.181Z,"262km ESE of Kodiak, Alaska",earthquake,,2.2,,,reviewed,ak,ak
2018-04-14T10:57:12.387Z,53.011,-161.8604,6.3,2.8,ml,,,,0.4,ak,ak19244194,2018-04-19T17:16:44.503Z,"228km SSE of False Pass, Alaska",earthquake,,3.4,,,reviewed,ak,ak
2018-04-14T10:46:50.927Z,56.3814,-148.6238,1.5,2.8,ml,,,,0.4,ak,ak19244193,2018-04-19T17:16:43.826Z,"277km ESE of Kodiak, Alaska",earthquake,,2.8,,,reviewed,ak,ak
2018-04-14T10:36:02.347Z,56.2739,-149.1772,9.1,2.6,ml,,,,0.59,ak,ak19244191,2018-04-19T17:16:42.550Z,"258km SE of Kodiak, Alaska",earthquake,,10.5,,,reviewed,ak,ak
2018-04-14T10:18:52.436Z,56.5102,-148.6672,10,2.8,ml,,,,0.67,ak,ak19244190,2018-04-19T17:16:41.865Z,"267km ESE of Kodiak, Alaska",earthquake,,0,,,reviewed,ak,ak
2018-04-14T10:06:46.084Z,52.3165,-173.7147,155.3,3,ml,,,,0.64,ak,ak19244188,2018-04-19T17:16:40.600Z,"35km ENE of Atka, Alaska",earthquake,,1.3,,,reviewed,ak,ak
2018-04-14T09:54:42.107Z,53.4722,-164.2471,20.4,2.8,ml,,,,0.54,ak,ak19234890,2018-04-19T17:16:39.964Z,"124km SE of Akutan, Alaska",earthquake,,1.3,,,reviewed,ak,ak
2018-04-14T09:53:06.016Z,53.487,-164.2506,8.8,2.7,ml,,,,0.65,ak,ak19234888,2018-04-19T17:16:39.240Z,"123km SE of Akutan, Alaska",earthquake,,0.5,,,reviewed,ak,ak
2018-04-14T09:37:01.100Z,34.9887,-97.577,5,2.5,mb_lg,,104,0.304,0.42,us,us2000e05j,2018-04-15T07:43:28.072Z,"17km N of Lindsay, Oklahoma",earthquake,1.5,1.8,0.142,13,reviewed,us,us
2018-04-14T09:28:23.348Z,56.5704,-149.2614,5.1,2.6,ml,,,,0.42,ak,ak19244182,2018-04-19T17:16:36.512Z,"233km SE of Kodiak, Alaska",earthquake,,2.8,,,reviewed,ak,ak
2018-04-14T09:18:46.238Z,53.4589,-164.2684,4.8,2.6,ml,,,,0.39,ak,ak19234880,2018-04-19T17:16:35.823Z,"124km SE of Akutan, Alaska",earthquake,,0.8,,,reviewed,ak,ak
2018-04-14T09:04:53.792Z,56.4456,-149.2693,3.6,2.7,ml,,,,0.41,ak,ak19244179,2018-04-19T17:16:34.669Z,"241km SE of Kodiak, Alaska",earthquake,,2.2,,,reviewed,ak,ak
2018-04-14T08:59:13.670Z,56.1061,-149.1907,10,2.7,ml,,,,0.65,ak,ak19244178,2018-04-19T17:16:33.853Z,"271km SE of Kodiak, Alaska",earthquake,,0,,,reviewed,ak,ak
2018-04-14T08:56:53.820Z,-6.9655,104.7981,35,4.8,mb,,144,3.593,0.95,us,us2000e057,2018-04-14T09:14:04.040Z,"93km WSW of Pasirnangka, Indonesia",earthquake,6.3,2,0.078,51,reviewed,us,us
2018-04-14T08:53:27.661Z,56.1704,-149.162,11.6,2.7,ml,,,,0.83,ak,ak19244177,2018-04-19T17:16:32.884Z,"267km SE of Kodiak, Alaska",earthquake,,6.7,,,reviewed,ak,ak
2018-04-14T08:44:50.036Z,56.2638,-148.6476,6.5,2.8,ml,,,,0.27,ak,ak19244174,2018-04-19T17:16:31.240Z,"284km SE of Kodiak, Alaska",earthquake,,4.5,,,reviewed,ak,ak
2018-04-14T08:24:05.982Z,56.4885,-149.2469,5.8,2.9,ml,,,,0.48,ak,ak19234672,2018-04-19T17:16:28.252Z,"239km SE of Kodiak, Alaska",earthquake,,1.4,,,reviewed,ak,ak
2018-04-14T08:20:35.180Z,56.4501,-149.2579,19.94,3,ml,,240,2.252,0.6,us,us2000e0e8,2018-04-19T17:16:26.202Z,"242km SE of Kodiak, Alaska",earthquake,5.7,10,0.053,46,reviewed,us,us
2018-04-14T08:17:40.210Z,56.5687,-149.234,23.97,2.9,ml,,244,2.192,0.72,us,us2000e0e7,2018-04-19T17:16:25.561Z,"235km SE of Kodiak, Alaska",earthquake,8.1,10.8,0.055,44,reviewed,us,us
2018-04-14T08:17:20.960Z,-61.3868,-36.8574,10,5.5,mb,,47,7.126,0.59,us,us2000e04n,2018-04-14T21:00:02.040Z,"Scotia Sea",earthquake,9.2,1.8,0.063,86,reviewed,us,us
2018-04-14T08:14:50.918Z,59.8568,-153.3322,117.5,3.1,ml,,,,0.59,ak,ak19234646,2018-04-19T17:16:24.548Z,"74km SSW of Redoubt Volcano, Alaska",earthquake,,0.2,,,reviewed,ak,ak
2018-04-14T07:40:34.570Z,56.5824,-148.5902,11.1,2.5,ml,,,,0.46,ak,ak19244164,2018-04-19T17:16:22.332Z,"267km ESE of Kodiak, Alaska",earthquake,,4.9,,,reviewed,ak,ak
2018-04-14T06:23:33.251Z,56.3325,-149.5583,4.1,2.6,ml,,,,0.84,ak,ak19244159,2018-04-19T17:16:19.542Z,"237km SE of Kodiak, Alaska",earthquake,,1.7,,,reviewed,ak,ak
2018-04-14T06:13:28.890Z,34.8214,137.1112,10,4.5,mb,,57,0.531,0.82,us,us2000e03w,2018-04-16T02:06:40.175Z,"7km SE of Nishio, Japan",earthquake,4.9,1.9,0.083,43,reviewed,us,us
2018-04-14T05:35:27.490Z,-28.366,-70.2915,93.94,4.4,mb,,74,0.468,1.08,us,us2000e03s,2018-04-14T06:49:11.040Z,"51km ENE of Vallenar, Chile",earthquake,7.6,6.7,0.268,4,reviewed,us,us
2018-04-14T04:33:52.590Z,-12.2917,167.1325,227.78,4.9,mb,,46,8.438,0.96,us,us2000e03e,2018-04-14T04:49:17.040Z,"181km NNW of Sola, Vanuatu",earthquake,10,6.5,0.082,47,reviewed,us,us
2018-04-14T04:31:19.640Z,36.6566,-99.0289,3.48,2.6,mb_lg,,193,0.261,0.24,us,us2000e03b,2018-04-14T05:43:48.275Z,"28km NNE of Mooreland, Oklahoma",earthquake,1.8,3.1,0.078,43,reviewed,us,us
2018-04-14T04:04:41.380Z,-31.7531,-71.5907,41.87,4.7,mwr,,157,0.744,0.85,us,us2000e033,2018-04-14T04:19:15.711Z,"42km WSW of Illapel, Chile",earthquake,4.7,5.7,0.037,71,reviewed,us,us
2018-04-14T03:44:21.408Z,54.2908,-160.761,26.7,2.5,ml,,,,0.43,ak,ak19234361,2018-04-19T17:16:15.492Z,"95km SW of Chernabura Island, Alaska",earthquake,,20.2,,,reviewed,ak,ak
2018-04-14T03:29:43.890Z,54.3231,-160.8907,25.84,4.9,mb,,146,0.912,1,us,us2000e02w,2018-04-19T17:16:14.587Z,"100km WSW of Chernabura Island, Alaska",earthquake,7.6,4.8,0.046,145,reviewed,us,us
2018-04-14T03:29:20.340Z,-3.7353,137.5253,52.11,4.7,mb,,124,5.329,0.99,us,us2000e02x,2018-04-14T03:52:55.040Z,"132km E of Enarotali, Indonesia",earthquake,11.2,8.1,0.11,25,reviewed,us,us
2018-04-14T02:46:34.680Z,38.031,-97.9731,1.65,3.2,mb_lg,,74,0.7,0.39,us,us2000e02p,2018-04-19T19:10:30.808Z,"2km W of South Hutchinson, Kansas",earthquake,2.8,7.8,0.044,134,reviewed,us,us
2018-04-14T02:39:40.930Z,62.3944,-149.2516,51.4,3.5,ml,,,,0.72,ak,ak19234253,2018-04-19T17:16:12.758Z,"39km NE of Y, Alaska",earthquake,,0.1,,,reviewed,ak,ak
2018-04-14T01:36:37.160Z,17.9706,-68.1836,72,2.93,md,7,203,1.0745,0.24,pr,pr2018104002,2018-04-15T06:47:08.040Z,"55km SE of Boca de Yuma, Dominican Republic",earthquake,2.09,2.14,0.2,5,reviewed,pr,pr
2018-04-14T01:20:52.120Z,18.7201,-66.7021,9,2.84,md,11,246,0.2981,0.31,pr,pr2018104001,2018-04-14T04:31:33.594Z,"27km N of Arecibo, Puerto Rico",earthquake,1.01,1.15,0.14,9,reviewed,pr,pr
2018-04-14T01:12:31.970Z,-31.4955,-67.5803,46.38,4.4,mb,,132,2.64,0.6,us,us2000e022,2018-04-14T03:33:21.040Z,"68km ENE of Caucete, Argentina",earthquake,6,12.8,0.179,9,reviewed,us,us
2018-04-14T00:57:12.071Z,56.4768,-148.7541,11.9,2.8,ml,,,,0.68,ak,ak19244141,2018-04-19T17:16:08.905Z,"265km ESE of Kodiak, Alaska",earthquake,,3.9,,,reviewed,ak,ak
2018-04-14T00:31:27.680Z,45.828,103.7102,14.3,4.1,mb,,118,2.725,0.75,us,us2000e01u,2018-04-14T01:16:50.040Z,"24km E of Shiree, Mongolia",earthquake,8.2,6.6,0.165,10,reviewed,us,us
2018-04-13T23:51:11.240Z,-2.3503,100.7228,67.5,4.4,mb,,172,2.677,0.42,us,us2000e011,2018-04-17T01:14:57.040Z,"79km WSW of Sungaipenuh, Indonesia",earthquake,11,6.6,0.11,24,reviewed,us,us
2018-04-13T23:28:42.076Z,57.5915,-143.0528,11.4,2.6,ml,,,,0.61,ak,ak19234024,2018-04-19T20:51:06.819Z,"278km S of Cape Yakataga, Alaska",earthquake,,4.8,,,reviewed,ak,ak
2018-04-13T23:19:25.643Z,52.4278,-169.2052,34.4,2.8,ml,,,,0.54,ak,ak19234022,2018-04-19T20:51:05.651Z,"61km SSW of Nikolski, Alaska",earthquake,,1.1,,,reviewed,ak,ak
2018-04-13T23:04:05.343Z,56.38,-149.048,10,3,ml,,,,0.6,ak,ak19234018,2018-04-19T20:51:03.782Z,"257km SE of Kodiak, Alaska",earthquake,,0,,,reviewed,ak,ak
2018-04-13T22:18:38.849Z,55.893,-149.9983,10,3.3,ml,,,,0.76,ak,ak19233854,2018-04-19T20:51:01.926Z,"257km SE of Kodiak, Alaska",earthquake,,0,,,reviewed,ak,ak
2018-04-13T22:16:40.666Z,55.8414,-149.9899,12,3.3,ml,,,,0.69,ak,ak19233851,2018-04-19T20:51:01.227Z,"262km SE of Kodiak, Alaska",earthquake,,5.5,,,reviewed,ak,ak
2018-04-13T22:01:17.090Z,-6.0772,130.7305,150.32,4.3,mb,,108,1.975,1.4,us,us2000dzyz,2018-04-17T01:12:43.040Z,"217km NNW of Saumlaki, Indonesia",earthquake,8.5,9.3,0.129,17,reviewed,us,us
2018-04-13T21:46:53.420Z,46.5369,150.8715,106.44,5,mb,,101,5.591,0.68,us,us2000dzyr,2018-04-17T01:11:46.040Z,"273km ENE of Kuril'sk, Russia",earthquake,8.6,4.9,0.025,498,reviewed,us,us
2018-04-13T21:40:45.600Z,36.5279,-98.9654,4.473,2.6,ml,,75,,1,us,us2000dzym,2018-04-16T22:43:53.040Z,"23km ENE of Mooreland, Oklahoma",earthquake,1.9,2.7,,,reviewed,tul,tul
